iter	Logloss
0	0.6931161489
1	0.6930867178
2	0.6930608183
3	0.6930315213
4	0.6930059595
5	0.6929797985
6	0.6929482816
7	0.6929246758
8	0.6928950401
9	0.6928698677
